<?xml version="1.0"?>
<doc>
    <assembly>
        <name>s3pi.Filetable</name>
    </assembly>
    <members>
        <member name="T:s3pi.Filetable.FileTable">
            <summary>
            Support providing a view over user ("custom") content, vendor content and the current package.
            </summary>
        </member>
        <member name="M:s3pi.Filetable.FileTable.Reset">
            <summary>
            Clears file table references to packages.<br/>
            Note that this does not close the current package if it had been referenced.
            </summary>
        </member>
        <member name="M:s3pi.Filetable.FileTable.IsEqual(System.Collections.Generic.List{s3pi.Filetable.PathPackageTuple},System.Collections.Generic.List{s3pi.Filetable.PathPackageTuple})">
            <summary>
            Determine the equality of two lists of <see cref="T:s3pi.Filetable.PathPackageTuple"/>s.
            </summary>
            <param name="ppt1">The first list of <see cref="T:s3pi.Filetable.PathPackageTuple"/>s.</param>
            <param name="ppt2">The second list of <see cref="T:s3pi.Filetable.PathPackageTuple"/>s.</param>
            <returns>The equality of <paramref name="ppt1"/> and <paramref name="ppt2"/>.</returns>
        </member>
        <member name="P:s3pi.Filetable.FileTable.CustomContentPath">
            <summary>
            Property containing the root folder for user content; searched recursively for
            files with a ".package" extension.
            </summary>
        </member>
        <member name="P:s3pi.Filetable.FileTable.CustomContentEnabled">
            <summary>
            When true, packages in <see cref="P:s3pi.Filetable.FileTable.CustomContentPath"/> will be included in the FileTable view.
            </summary>
        </member>
        <member name="P:s3pi.Filetable.FileTable.CustomContent">
            <summary>
            A list of all the <see cref="T:s3pi.Filetable.PathPackageTuple"/>s in <see cref="P:s3pi.Filetable.FileTable.CustomContentPath"/>.
            </summary>
        </member>
        <member name="P:s3pi.Filetable.FileTable.FileTableEnabled">
            <summary>
            When true, vendor packages will be included in the FileTable view (subject to <see cref="P:s3pi.Filetable.GameFolders.EPsDisabled"/>).
            </summary>
        </member>
        <member name="P:s3pi.Filetable.FileTable.Current">
            <summary>
            The current <see cref="T:s3pi.Filetable.PathPackageTuple"/>.  When not <c>null</c>, include in the FileTable view.
            </summary>
        </member>
        <member name="P:s3pi.Filetable.FileTable.GameContent">
            <summary>
            List of primary game content <see cref="T:s3pi.Filetable.PathPackageTuple"/>s comprising
            the current package (if set), custom content (if enabled) and vendor content;
            excludes vendor DDS images (see <see cref="P:s3pi.Filetable.FileTable.DDSImages"/>)
            and thumbnail images (see <see cref="P:s3pi.Filetable.FileTable.Thumbnails"/>).
            </summary>
            <seealso cref="P:s3pi.Filetable.FileTable.DDSImages"/>
            <seealso cref="P:s3pi.Filetable.FileTable.Thumbnails"/>
        </member>
        <member name="P:s3pi.Filetable.FileTable.DDSImages">
            <summary>
            List of DDS image <see cref="T:s3pi.Filetable.PathPackageTuple"/>s comprising
            the current package (if set), custom content (if enabled) and vendor content.
            </summary>
            <seealso cref="P:s3pi.Filetable.FileTable.GameContent"/>
            <seealso cref="P:s3pi.Filetable.FileTable.Thumbnails"/>
        </member>
        <member name="P:s3pi.Filetable.FileTable.Thumbnails">
            <summary>
            List of thumnail image <see cref="T:s3pi.Filetable.PathPackageTuple"/>s, comprising
            the current package (if set), custom content (if enabled) and vendor content.
            </summary>
            <seealso cref="P:s3pi.Filetable.FileTable.GameContent"/>
            <seealso cref="P:s3pi.Filetable.FileTable.DDSImages"/>
        </member>
        <member name="P:s3pi.Filetable.FileTable.IsOK">
            <summary>
            Indicates that there is data available in the FileTable
            </summary>
        </member>
        <member name="T:s3pi.Filetable.GameFoldersForm">
            <summary>
            Provides a common control for enabling editing of the install locations of game folders.
            </summary>
            <remarks>
            Note that it is left to the containing application to pass values between this form and the Filetable.
            This is to allow any additional processing, such as storing user preferences, to be handled.
            </remarks>
        </member>
        <member name="M:s3pi.Filetable.GameFoldersForm.#ctor">
            <summary>
            Instantiate the form.
            </summary>
        </member>
        <member name="F:s3pi.Filetable.GameFoldersForm.components">
            <summary>
            Required designer variable.
            </summary>
        </member>
        <member name="M:s3pi.Filetable.GameFoldersForm.Dispose(System.Boolean)">
            <summary>
            Clean up any resources being used.
            </summary>
            <param name="disposing">true if managed resources should be disposed; otherwise, false.</param>
        </member>
        <member name="M:s3pi.Filetable.GameFoldersForm.InitializeComponent">
            <summary>
            Required method for Designer support - do not modify
            the contents of this method with the code editor.
            </summary>
        </member>
        <member name="P:s3pi.Filetable.GameFoldersForm.CustomContent">
            <summary>
            The folder containing user-created ("custom") content.
            </summary>
        </member>
        <member name="P:s3pi.Filetable.GameFoldersForm.CCSettable">
            <summary>
            Whether to display the option to allow user-created content to be included in the file table.
            </summary>
        </member>
        <member name="P:s3pi.Filetable.GameFoldersForm.CCEnabled">
            <summary>
            Whether the user wants to have their user-created content available.
            </summary>
        </member>
        <member name="P:s3pi.Filetable.GameFoldersForm.InstallDirs">
            <summary>
            A semi-colon delimited string of game name / folder pairs (delimiter by an equals sign), representing
            where the user has installed a game (if not in the default location).
            </summary>
        </member>
        <member name="P:s3pi.Filetable.GameFoldersForm.EPsDisabled">
            <summary>
            A semi-colon delimited string of game names the user does not want considered.
            </summary>
        </member>
        <member name="T:s3pi.Filetable.PathPackageTuple">
            <summary>
            Contains the path of a <see cref="T:s3pi.Interfaces.IPackage"/> and the <see cref="T:s3pi.Interfaces.IPackage"/> reference itself.
            </summary>
        </member>
        <member name="M:s3pi.Filetable.PathPackageTuple.#ctor(System.String,System.Boolean)">
            <summary>
            Store the full pathname of <paramref name="path"/> and open
            the referenced <see cref="T:s3pi.Interfaces.IPackage"/>, read-only by default.
            </summary>
            <param name="path">The path of the <see cref="T:s3pi.Interfaces.IPackage"/> to open.</param>
            <param name="readwrite">Set to true to open the package read-write; otherwise set to false for read-only (default is false).</param>
            <remarks>See <see cref="M:s3pi.Package.Package.OpenPackage(System.Int32,System.String,System.Boolean)"/> for potential exceptions.</remarks>
        </member>
        <member name="M:s3pi.Filetable.PathPackageTuple.AddResource(s3pi.Interfaces.IResourceKey,System.IO.Stream)">
            <summary>
            Add a resource, identified by <paramref name="rk"/> with the content from <paramref name="stream"/>
            the package referenced by this <see cref="T:s3pi.Filetable.PathPackageTuple"/>.  The new <see cref="T:s3pi.Filetable.SpecificResource"/>
            value is returned.
            </summary>
            <param name="rk">The <see cref="T:s3pi.Interfaces.IResourceKey"/> to use to identify the new resource.</param>
            <param name="stream">A <see cref="T:System.IO.Stream"/> of data to use to populate the new resource.</param>
            <returns>The <see cref="T:s3pi.Filetable.SpecificResource"/> representing the newly added <see cref="T:s3pi.Interfaces.IResourceIndexEntry"/>.</returns>
        </member>
        <member name="M:s3pi.Filetable.PathPackageTuple.Find(System.Predicate{s3pi.Interfaces.IResourceIndexEntry})">
            <summary>
            Searches the entire <see cref="T:s3pi.Interfaces.IPackage"/> for the first <see cref="T:s3pi.Interfaces.IResourceIndexEntry"/>
            that matches the conditions defined by <paramref name="match"/>.
            </summary>
            <param name="match">The matching critera.</param>
            <returns>The first matching resource.</returns>
        </member>
        <member name="M:s3pi.Filetable.PathPackageTuple.FindAll(System.Predicate{s3pi.Interfaces.IResourceIndexEntry})">
            <summary>
            Searches the entire <see cref="T:s3pi.Interfaces.IPackage"/> for all <see cref="T:s3pi.Interfaces.IResourceIndexEntry"/>
            that match the conditions defined by <paramref name="match"/>.
            </summary>
            <param name="match">The matching critera.</param>
            <returns>All matching resources.</returns>
        </member>
        <member name="M:s3pi.Filetable.PathPackageTuple.Equals(s3pi.Filetable.PathPackageTuple)">
            <summary>
            Determine whether <paramref name="other"/> is the same package as this.
            </summary>
            <param name="other">The <see cref="T:s3pi.Filetable.PathPackageTuple"/> under inspection.</param>
            <returns>True if this and <paramref name="other"/> have the same path.</returns>
        </member>
        <member name="P:s3pi.Filetable.PathPackageTuple.Path">
            <summary>
            The path containing this <see cref="T:s3pi.Interfaces.IPackage"/>.
            </summary>
        </member>
        <member name="P:s3pi.Filetable.PathPackageTuple.Package">
            <summary>
            The <see cref="T:s3pi.Interfaces.IPackage"/> stored in <see cref="P:s3pi.Filetable.PathPackageTuple.Path"/>.
            </summary>
        </member>
        <member name="T:s3pi.Filetable.GameFolders">
            <summary>
            Provides access to the XML definition of game folder default locations and
            the resultant list of known games.
            </summary>
            <remarks>
            <para>
            When using this class - which is depended upon by <see cref="N:s3pi.Filetable"/> - ensure
            the file <c>GameFolders.xml</c> is present in the same folder as the assembly containing this class as it
            is used to specify a number of configuration values.
            These are as follows:
            </para>
            <list type="table">
            <listheader><term><c>GameFolders.xml</c> tag</term><description>Description</description></listheader>
            <item><term><c>&lt;gamefolders&gt;</c></term><description>Root element of the file, defines the XML namespace used.</description></item>
            <item><term><c>&lt;defaultrootfolder&gt;</c></term><description>The folder to use when no <c>&lt;rootfolder&gt;</c> tag applies.
            If this value is also not found, a value of <c>/</c> is used.
            </description></item>
            <item><term><c>&lt;rootfolder&gt;</c></term>
            <description>A search is performed for a matching entry based on the <c>vendor</c> and <c>os</c> attributes:
            <list type="table">
            <listheader><term>attribute</term><description>values</description></listheader>
            <item><term>vendor</term><description>
            <see cref="T:System.Environment"/><c cref="T:System.OperatingSystem">.OSVersion</c> (see <see cref="T:System.OperatingSystem"/>) <c cref="T:System.PlatformID">.Platform</c> (see <see cref="T:System.PlatformID"/>)
            is used to determine whether the vendor is <c>MacOSX</c>, <c>Unix</c> or (otherwise) <c>Microsoft</c>.
            </description></item>
            <item><term>os</term>
            <description><c>64bit</c>, or <c>32bit</c> when the size of <see cref="T:System.IntPtr"/> is 4 bytes.</description>
            </item>
            </list>
            </description>
            </item>
            <item><term><c>&lt;game&gt;</c></term><description>
            <para>This is a container for details about a specific Sims3 game.  It has two attributes:</para>
            <list type="table">
            <listheader><term>attribute</term><description>values</description></listheader>
            <item><term>class</term><description><c>baseGame</c> (the base game itself), <c>EP</c> (a full expansion pack) or <c>SP</c> (a stuff pack).
            The value is not used.</description></item>
            <item><term>rgversion</term><description>Exposed as <see cref="P:s3pi.Filetable.Game.RGVersion"/> and used internally (e.g. to determine where delta build packages are found)
            as well as by the <see cref="N:s3pi.Filetable"/>.  The value is expected to match the top five "version" bits of the
            <see cref="P:s3pi.Interfaces.IResourceKey.ResourceGroup"/> (hence RGVersion) of certain resources.</description></item>
            </list>
            <para>The following tags appear for each game:</para>
            <list type="table">
            <listheader><term><c>&lt;game&gt;</c> section tag</term><term><see cref="T:s3pi.Filetable.Game"/> property</term><description>Description</description></listheader>
            <item><term><c>&lt;Name&gt;</c></term><term><see cref="P:s3pi.Filetable.Game.Name"/></term><description>The identity of the game, used for the list of EPs Disabled (see <see cref="P:s3pi.Filetable.GameFolders.EPsDisabled"/>).</description></item>
            <item><term><c>&lt;Longname&gt;</c></term><term><see cref="P:s3pi.Filetable.Game.Longname"/></term><description>A descriptive name for the section.</description></item>
            <item><term><c>&lt;DefaultInstallDir&gt;</c></term><term><see cref="P:s3pi.Filetable.Game.DefaultInstallDir"/></term><description>(English-language) default install folder for the game.</description></item>
            <item><term><c>&lt;Suppressed&gt;</c></term><term><see cref="P:s3pi.Filetable.Game.Suppressed"/></term>
            <description>Whether the game is disabled by default; the value <c>not-allowed</c> means the game will always be enabled.</description></item>
            <item><term><c>&lt;ExtraPackage&gt;</c></term><term><c> </c></term>
            <description>Optional tag to allow extra an EA content package to be added for this <see cref="T:s3pi.Filetable.Game"/> that is otherwise not found.
            Multiple occurrences are supported.
            It is expected only to be required if EA change the naming scheme and a library update has not been issued to cater for the change.
            This is not directly exposed but all values are prepended to <see cref="P:s3pi.Filetable.Game.GameContent"/>, <see cref="P:s3pi.Filetable.Game.DDSImages"/> and <see cref="P:s3pi.Filetable.Game.Thumbnails"/>
            - see <see cref="T:s3pi.Filetable.Game"/> remarks for more details.
            </description></item>
            </list>
            </description></item>
            </list>
            <para>
            The "root folder" for the installation is determined by:
            </para>
            <list type="bullet">
            <item>finding a matching &lt;rootfolder&gt; tag; or</item>
            <item>finding the &lt;defaultrootfolder&gt; tag exists and is a valid folder; or</item>
            <item>using "/".</item>
            </list>
            <para>
            The EA packages for a <see cref="T:s3pi.Filetable.Game"/> are found relative to the folder either specified in <see cref="P:s3pi.Filetable.GameFolders.InstallDirs"/>,
            or the &lt;DefaultInstallDir&gt; tag value for the &lt;game&gt; - i.e. the value returned by <see cref="P:s3pi.Filetable.Game.UserInstallDir"/>.
            </para>
            </remarks>
            <seealso cref="T:s3pi.Filetable.Game"/>
            <seealso cref="T:s3pi.Filetable.GameFoldersForm"/>
        </member>
        <member name="M:s3pi.Filetable.GameFolders.byName(System.String)">
            <summary>
            Return the <see cref="T:s3pi.Filetable.Game"/> with a <c>Name</c> element with the specified <paramref name="value"/>.
            </summary>
            <param name="value">String to match again <see cref="T:s3pi.Filetable.Game"/>s' <c>Name</c> elements.</param>
            <returns>The (first) <see cref="T:s3pi.Filetable.Game"/> with a <c>Name</c> element with the specified <paramref name="value"/>
            or <c>null</c> if none found.</returns>
        </member>
        <member name="M:s3pi.Filetable.GameFolders.byRGVersion(System.Int32)">
            <summary>
            Return the <see cref="T:s3pi.Filetable.Game"/> with a <c>RGVersion</c> element with the specified <paramref name="value"/>.
            </summary>
            <param name="value">Number to match again <see cref="T:s3pi.Filetable.Game"/>s' <c>RGVersion</c> elements.</param>
            <returns>The (first) <see cref="T:s3pi.Filetable.Game"/> with a <c>RGVersion</c> element with the specified <paramref name="value"/>
            or <c>null</c> if none found.</returns>
        </member>
        <member name="M:s3pi.Filetable.GameFolders.InstallDir(s3pi.Filetable.Game)">
            <summary>
            Return the folder where the given <see cref="T:s3pi.Filetable.Game"/> is installed.
            </summary>
            <param name="game"><see cref="T:s3pi.Filetable.Game"/> for which to determine install folder.</param>
            <returns>The install folder for <paramref name="game"/>.</returns>
            <remarks>
            This will either be a user-specified location or the <see cref="P:s3pi.Filetable.Game.DefaultInstallDir"/>
            relative to the determined root folder (see <see cref="T:s3pi.Filetable.GameFolders"/> Remarks section).
            </remarks>
        </member>
        <member name="M:s3pi.Filetable.GameFolders.IsEnabled(s3pi.Filetable.Game)">
            <summary>
            Returns whether a specified <see cref="T:s3pi.Filetable.Game"/> is enabled.
            </summary>
            <param name="game">The <see cref="T:s3pi.Filetable.Game"/> to query.</param>
            <returns>Whether a specified <see cref="T:s3pi.Filetable.Game"/> is enabled.</returns>
            <remarks>A game is enabled if<br/>
            (a) Disabling it is disallowed;<br/>
            (b) Or no games are user-disabled (see <see cref="P:s3pi.Filetable.GameFolders.EPsDisabled"/>) and it is not suppressed;<br/>
            (c) Or it is not one of the user-disabled games (see <see cref="P:s3pi.Filetable.GameFolders.EPsDisabled"/>).</remarks>
        </member>
        <member name="P:s3pi.Filetable.GameFolders.Games">
            <summary>
            The list of <see cref="T:s3pi.Filetable.Game"/>s defined in the <c>GameFolders.xml</c> file.
            </summary>
        </member>
        <member name="P:s3pi.Filetable.GameFolders.InstallDirs">
            <summary>
            A semi-colon delimited string of game name / install folder pairs, internally delimited by an equals sign.
            </summary>
        </member>
        <member name="P:s3pi.Filetable.GameFolders.EPsDisabled">
            <summary>
            A semi-colon delimited string of EP and SP names that the user has stated should not be referenced by the vendor part of the
            <see cref="T:s3pi.Filetable.FileTable"/> view.
            </summary>
            <seealso cref="T:s3pi.Filetable.FileTable"/>
        </member>
        <member name="T:s3pi.Filetable.Game">
            <summary>
            Represents a known game object.
            </summary>
            <remarks>
            <para>
            <see cref="P:s3pi.Filetable.Game.GameContent"/>, <see cref="P:s3pi.Filetable.Game.DDSImages"/> and <see cref="P:s3pi.Filetable.Game.Thumbnails"/> all return enumerations of paths based on
            EA's known behaviour for distributing EPs and SPs.  If this changes to a method not supported (see below), the
            &lt;ExtraPackage&gt; tag for the &lt;game&gt; can be used - see <see cref="T:s3pi.Filetable.GameFolders"/> remarks for details.
            </para>
            <para>
            For <see cref="P:s3pi.Filetable.Game.GameContent"/> and <see cref="P:s3pi.Filetable.Game.DDSImages"/>, one of the following values is returned:
            </para>
            <list type="bullet">
            <item>If no <see cref="P:s3pi.Filetable.Game.UserInstallDir"/> is known, return only the &lt;ExtraPackage&gt; paths.</item>
            <item>Otherwise, return the &lt;ExtraPackage&gt; paths, delta packages and the appropriate fullbuild (0 for <see cref="P:s3pi.Filetable.Game.GameContent"/>; 2 for <see cref="P:s3pi.Filetable.Game.DDSImages"/>).</item>
            </list>
            <para>
            Delta packages are found under the <see cref="P:s3pi.Filetable.Game.UserInstallDir"/> + "GameData\Shared\DeltaPackages".
            This is searched for each sub-folder named "pXX" (where "XX" is the deltabuild number - assumed for the timebeing to have 32 as the highest value).
            Within each sub-folder, the package named "Deltabuild_pXX.package" is added to the list, if found.
            </para>
            <para>
            Finally, under the <see cref="P:s3pi.Filetable.Game.UserInstallDir"/> + "GameData\Shared\Packages" folder:
            </para>
            <list type="bullet">
            <item>For games other than the basegame, any packages matching "FullBuild*.package" are added to the list.</item>
            <item>For the basegame, DeltaBuildX.package and FullBuildX.package (where X is 0 for <see cref="P:s3pi.Filetable.Game.GameContent"/>; 2 for <see cref="P:s3pi.Filetable.Game.DDSImages"/>) are added to the list.</item>
            </list>
            <para>
            For <see cref="P:s3pi.Filetable.Game.Thumbnails"/>, one of the following values is returned:
            </para>
            <list type="bullet">
            <item>If no <see cref="P:s3pi.Filetable.Game.UserInstallDir"/> is known, return only the &lt;ExtraPackage&gt; paths.</item>
            <item>Otherwise, return the &lt;ExtraPackage&gt; paths and any packages matching "*Thumbnails.package" under <see cref="P:s3pi.Filetable.Game.UserInstallDir"/> + "Thumbnails".</item>
            </list>
            </remarks>
        </member>
        <member name="M:s3pi.Filetable.Game.#ctor(System.Xml.Linq.XElement)">
            <summary>
            Create a game object from the supplied <see cref="T:System.Xml.Linq.XElement"/>.
            </summary>
            <param name="game">An <see cref="T:System.Xml.Linq.XElement"/> describing the game.</param>
        </member>
        <member name="P:s3pi.Filetable.Game.RGVersion">
            <summary>
            The ResourceGroup Version number for the <see cref="T:s3pi.Filetable.Game"/>.
            </summary>
        </member>
        <member name="P:s3pi.Filetable.Game.Priority">
            <summary>
            The Priority for the <see cref="T:s3pi.Filetable.Game"/>.  Defaults to RGVersion if not specified.
            </summary>
        </member>
        <member name="P:s3pi.Filetable.Game.Name">
            <summary>
            The name by which the game is known for settings purposes.
            </summary>
        </member>
        <member name="P:s3pi.Filetable.Game.Longname">
            <summary>
            The full name for the game.
            </summary>
        </member>
        <member name="P:s3pi.Filetable.Game.GUID">
            <summary>
            Where known, the GUID for an EP/SP, used in the Windows Registry.
            </summary>
            <example>
            The following registry key is The Sims™ 3 High-End Loft Stuff:
            <c>HKEY_LOCAL_MACHINE\SOFTWARE\Microsoft\Windows\CurrentVersion\GameUX\Games\{71828142-5A24-4BD0-97E7-976DA08CE6CF}</c>
            </example>
        </member>
        <member name="P:s3pi.Filetable.Game.ConfigApplicationPath">
            <summary>
            Returns the ConfigApplicationPath Windows registry value for this EP/SP (or null).
            </summary>
        </member>
        <member name="P:s3pi.Filetable.Game.DefaultInstallDir">
            <summary>
            The default installation location, relative to the determined root folder.
            </summary>
            <remarks>See <see cref="T:s3pi.Filetable.GameFolders"/> remarks for details of how "root folder" is determined.</remarks>
        </member>
        <member name="P:s3pi.Filetable.Game.InstallDir">
            <summary>
            The full path to where we think the EP/SP is installed unless overriden.
            </summary>
        </member>
        <member name="P:s3pi.Filetable.Game.UserInstallDir">
            <summary>
            The <see cref="M:s3pi.Filetable.GameFolders.InstallDir(s3pi.Filetable.Game)"/> for this <see cref="T:s3pi.Filetable.Game"/>.
            </summary>
        </member>
        <member name="P:s3pi.Filetable.Game.Suppressed">
            <summary>
            Whether the supplied XML indicates this game is suppressed.
            </summary>
            <remarks>The value is null if the user should not be able to disable this game.</remarks>
        </member>
        <member name="P:s3pi.Filetable.Game.Enabled">
            <summary>
            The <see cref="M:s3pi.Filetable.GameFolders.IsEnabled(s3pi.Filetable.Game)"/> state for this <see cref="T:s3pi.Filetable.Game"/>.
            </summary>
        </member>
        <member name="P:s3pi.Filetable.Game.GameContent">
            <summary>
            All <see cref="T:s3pi.Filetable.PackageTag"/>s for this <see cref="T:s3pi.Filetable.Game"/> used to contain game content
            (i.e. excluding DDS images and thumbnail images).
            </summary>
            <seealso cref="P:s3pi.Filetable.Game.DDSImages"/>
            <seealso cref="P:s3pi.Filetable.Game.Thumbnails"/>
        </member>
        <member name="P:s3pi.Filetable.Game.DDSImages">
            <summary>
            All <see cref="T:s3pi.Filetable.PackageTag"/>s for this <see cref="T:s3pi.Filetable.Game"/> used to contain DDS images.
            </summary>
            <seealso cref="P:s3pi.Filetable.Game.DDSImages"/>
            <seealso cref="P:s3pi.Filetable.Game.Thumbnails"/>
        </member>
        <member name="P:s3pi.Filetable.Game.Thumbnails">
            <summary>
            All <see cref="T:s3pi.Filetable.PackageTag"/>s for this <see cref="T:s3pi.Filetable.Game"/> used to contain Thumbnail images.
            </summary>
            <seealso cref="P:s3pi.Filetable.Game.GameContent"/>
            <seealso cref="P:s3pi.Filetable.Game.DDSImages"/>
        </member>
        <member name="T:s3pi.Filetable.PackageTag">
            <summary>
            Package represents the <c>&lt;Package/&gt;</c> tag.
            </summary>
        </member>
        <member name="M:s3pi.Filetable.PackageTag.#ctor(System.String,System.Boolean,System.Int32)">
            <summary>
            Create a new <see cref="T:s3pi.Filetable.PackageTag"/> with the given values.
            </summary>
            <param name="path">The full path of package specified by the <c>&lt;Package&gt;</c> tag.</param>
            <param name="isPatch">True if this <see cref="T:s3pi.Filetable.PackageTag"/> belongs to a patch; otherwise false.</param>
            <param name="priority">Used to sort packages; higher priority packages override the content of lower priority packages.</param>
        </member>
        <member name="P:s3pi.Filetable.PackageTag.Path">
            <summary>
            The full path of package specified by the <c>&lt;Package&gt;</c> tag.
            </summary>
            <value>The full path of package specified by the &lt;Package&gt; tag.</value>
        </member>
        <member name="P:s3pi.Filetable.PackageTag.IsPatch">
            <summary>
            True if this <see cref="T:s3pi.Filetable.PackageTag"/> belongs to a patch; otherwise false.
            </summary>
            <value>True if this <see cref="T:s3pi.Filetable.PackageTag"/> belongs to a patch; otherwise false.</value>
            <remarks>Patch packages may be missing for a particular game.</remarks>
        </member>
        <member name="P:s3pi.Filetable.PackageTag.Priority">
            <summary>
            Used to sort packages; higher priority packages override the content of lower priority packages.
            </summary>
            <value>Used to sort packages; higher priority packages override the content of lower priority packages.</value>
        </member>
        <member name="T:s3pi.Filetable.RK">
            <summary>
            A minimal implementation of <see cref="T:s3pi.Interfaces.AResourceKey"/> providing some basic assistance methods.
            The <see cref="M:s3pi.Filetable.RK.CompareTo(s3pi.Interfaces.IResourceKey)"/> routine is geared to how one resource finds another to the best of
            our understanding...
            </summary>
        </member>
        <member name="M:s3pi.Filetable.RK.#ctor(s3pi.Interfaces.IResourceKey)">
            <summary>
            Instantiate the <see cref="T:s3pi.Interfaces.IResourceKey"/> as a concrete object.
            </summary>
            <param name="rk">An <see cref="T:s3pi.Interfaces.IResourceKey"/>.</param>
        </member>
        <member name="M:s3pi.Filetable.RK.Clone(System.EventHandler)">
            <summary>
            Throw <see cref="T:System.NotImplementedException"/>.
            </summary>
            <param name="handler">Not used.</param>
            <returns>Does not return.</returns>
        </member>
        <member name="M:s3pi.Filetable.RK.CompareTo(s3pi.Interfaces.IResourceKey)">
            <summary>
            Take into account some of the weird ways in which one resource refers to another, based on resource type.
            </summary>
            <param name="rk">An <c>IResourceKey</c> to compare with.</param>
            <returns></returns>
        </member>
        <member name="M:s3pi.Filetable.RK.Equals(s3pi.Interfaces.IResourceKey)">
            <summary>
            Take into account whether this resource key is equivalent to <paramref name="rk"/>.
            </summary>
            <param name="rk">The <see cref="T:s3pi.Interfaces.IResourceKey"/> to test.</param>
            <returns>True if <paramref name="rk"/> refers to the same resource as this.</returns>
        </member>
        <member name="M:s3pi.Filetable.RK.Parse(System.String)">
            <summary>
            Convert a string to an <see cref="T:s3pi.Interfaces.IResourceKey"/> value.
            </summary>
            <param name="value">A valid string representation of an <see cref="T:s3pi.Interfaces.IResourceKey"/>.</param>
            <returns>The eqivalent <see cref="T:s3pi.Interfaces.IResourceKey"/> value for <paramref name="value"/>.</returns>
        </member>
        <member name="M:s3pi.Filetable.RK.TryParse(System.String,s3pi.Interfaces.IResourceKey@)">
            <summary>
            Tests whether a string can be converted to an <see cref="T:s3pi.Interfaces.IResourceKey"/> and,
            if so, sets <paramref name="result"/> to the converted value.
            </summary>
            <param name="value">A potential string representation of an <see cref="T:s3pi.Interfaces.IResourceKey"/>.</param>
            <param name="result">The eqivalent <see cref="T:s3pi.Interfaces.IResourceKey"/> value for <paramref name="value"/>.</param>
            <returns>True if <paramref name="value"/> has the format
            "0xHHHHHHHH-0xHHHHHHHH-0xHHHHHHHHHHHHHHHH"; otherwise false.
            </returns>
        </member>
        <member name="P:s3pi.Filetable.RK.NULL">
            <summary>
            Return a null valued resource key.
            </summary>
        </member>
        <member name="P:s3pi.Filetable.RK.ContentFields">
            <summary>
            Throw <see cref="T:System.NotImplementedException"/>.
            </summary>
        </member>
        <member name="P:s3pi.Filetable.RK.RecommendedApiVersion">
            <summary>
            Throw <see cref="T:System.NotImplementedException"/>.
            </summary>
        </member>
        <member name="T:s3pi.Filetable.SpecificResource">
            <summary>
            <see cref="T:s3pi.Filetable.SpecificResource"/> extends <see cref="T:s3pi.Filetable.SpecificIndexEntry"/> to provide methods relating to
            <see cref="T:s3pi.Interfaces.IResource"/> manipulation.
            </summary>
        </member>
        <member name="T:s3pi.Filetable.SpecificIndexEntry">
            <summary>
            This class provides additional helper methods extending the s3pi <see cref="T:s3pi.Interfaces.IResourceIndexEntry"/>
            class primarily.  It binds an <see cref="T:s3pi.Interfaces.IResourceIndexEntry"/> to the package it came from, using
            <see cref="T:s3pi.Filetable.PathPackageTuple"/>.
            </summary>
        </member>
        <member name="M:s3pi.Filetable.SpecificIndexEntry.#ctor(s3pi.Filetable.PathPackageTuple,s3pi.Interfaces.IResourceIndexEntry)">
            <summary>
            Request <paramref name="resourceIndexEntry"/> from <paramref name="ppt"/>.
            </summary>
            <param name="ppt">The <see cref="T:s3pi.Filetable.PathPackageTuple"/> to use to resolve the request.</param>
            <param name="resourceIndexEntry">The requested <see cref="T:s3pi.Interfaces.IResourceIndexEntry"/>.</param>
            <exception cref="T:System.ArgumentException">Thrown if <paramref name="ppt"/> does not contain <paramref name="resourceIndexEntry"/>.</exception>
        </member>
        <member name="M:s3pi.Filetable.SpecificIndexEntry.#ctor(System.Collections.Generic.List{s3pi.Filetable.PathPackageTuple},s3pi.Interfaces.IResourceKey)">
            <summary>
            Request <paramref name="requestedRK"/> from the given <paramref name="searchList"/>.
            </summary>
            <param name="searchList">One of the <see cref="T:s3pi.Filetable.FileTable"/> vendor search lists.</param>
            <param name="requestedRK">The <see cref="T:s3pi.Interfaces.IResourceKey"/> to look up.</param>
            <exception cref="T:System.ArgumentOutOfRangeException">Thrown if <paramref name="searchList"/> is not one of <see cref="T:s3pi.Filetable.FileTable"/> vendor search list properties.</exception>
        </member>
        <member name="M:s3pi.Filetable.SpecificIndexEntry.Equals(s3pi.Filetable.SpecificIndexEntry)">
            <summary>
            Determines if this item represents the same resource as <paramref name="other"/>.
            </summary>
            <param name="other">Another <see cref="T:s3pi.Filetable.SpecificIndexEntry"/> to test for equivalence.</param>
            <returns>True if this item represents the same resource as <paramref name="other"/>; otherwise false.</returns>
        </member>
        <member name="P:s3pi.Filetable.SpecificIndexEntry.PPSource">
            <summary>
            A short string indicating which file table was the source of this item.
            </summary>
            <remarks>
            <para>Values are:</para>
            <list type="table">
            <listheader><term>Value</term><description>Source used to resolve the request for an item.</description></listheader>
            <item><term>current</term><description>The current package.</description></item>
            <item><term>cc</term><description>A custom content package.</description></item>
            <item><term>fb0</term><description>A primary game content package, excluding DDS images and thumbnail images.</description></item>
            <item><term>dds</term><description>A DDS image package.</description></item>
            <item><term>tmb</term><description>A thumbnail image package.</description></item>
            </list>
            </remarks>
        </member>
        <member name="P:s3pi.Filetable.SpecificIndexEntry.PathPackage">
            <summary>
            The <see cref="T:s3pi.Filetable.PathPackageTuple"/> from which this item was resolved.
            </summary>
        </member>
        <member name="P:s3pi.Filetable.SpecificIndexEntry.ResourceIndexEntry">
            <summary>
            The <see cref="T:s3pi.Interfaces.IResourceIndexEntry"/> in the package that refers to the requested resource key.
            This is dynamically resolved when first referenced.
            </summary>
        </member>
        <member name="P:s3pi.Filetable.SpecificIndexEntry.RequestedRK">
            <summary>
            The resource key by which this item was requested.
            </summary>
        </member>
        <member name="P:s3pi.Filetable.SpecificIndexEntry.LongName">
            <summary>
            The resource Tag, the <see cref="T:s3pi.Interfaces.IResourceIndexEntry"/> and the path from which the item was resolved.
            </summary>
        </member>
        <member name="P:s3pi.Filetable.SpecificIndexEntry.RGVsn">
            <summary>
            The <see cref="P:s3pi.Filetable.Game.Name"/> for the <see cref="T:s3pi.Filetable.Game"/> with the Resource Group Version
            of this item, or an empty string for the base game.  References <see cref="P:s3pi.Filetable.SpecificIndexEntry.ResourceIndexEntry"/>.
            </summary>
        </member>
        <member name="M:s3pi.Filetable.SpecificResource.#ctor(s3pi.Filetable.PathPackageTuple,s3pi.Interfaces.IResourceIndexEntry,System.Boolean)">
            <summary>
            Extends the <see cref="T:s3pi.Filetable.SpecificIndexEntry"/> constructor by allowing an optional flag indicating
            whether to always resolve the request for <see cref="P:s3pi.Filetable.SpecificResource.Resource"/> using the default wrapper.
            </summary>
            <param name="ppt">The <see cref="T:s3pi.Filetable.PathPackageTuple"/> to use to resolve the request.</param>
            <param name="specificRK">The requested <see cref="T:s3pi.Interfaces.IResourceIndexEntry"/>.</param>
            <param name="defaultWrapper">If true, always resolve the request for <see cref="P:s3pi.Filetable.SpecificResource.Resource"/> using the default wrapper;
            otherwise <see cref="M:s3pi.WrapperDealer.WrapperDealer.GetResource(System.Int32,s3pi.Interfaces.IPackage,s3pi.Interfaces.IResourceIndexEntry,System.Boolean)"/> will determine the correct resource wrapper.</param>
        </member>
        <member name="M:s3pi.Filetable.SpecificResource.#ctor(System.Collections.Generic.List{s3pi.Filetable.PathPackageTuple},s3pi.Interfaces.IResourceKey,System.Boolean)">
            <summary>
            Extends the <see cref="T:s3pi.Filetable.SpecificIndexEntry"/> constructor by allowing an optional flag indicating
            whether to always resolve the request for <see cref="P:s3pi.Filetable.SpecificResource.Resource"/> using the default wrapper.
            </summary>
            <param name="searchList">One of the <see cref="T:s3pi.Filetable.FileTable"/> vendor search lists.</param>
            <param name="requestedRK">The <see cref="T:s3pi.Interfaces.IResourceKey"/> to look up.</param>
            <param name="defaultWrapper">If true, always resolve the request for <see cref="P:s3pi.Filetable.SpecificResource.Resource"/> using the default wrapper;
            otherwise <see cref="M:s3pi.WrapperDealer.WrapperDealer.GetResource(System.Int32,s3pi.Interfaces.IPackage,s3pi.Interfaces.IResourceIndexEntry,System.Boolean)"/> will determine the correct resource wrapper.</param>
        </member>
        <member name="M:s3pi.Filetable.SpecificResource.Commit">
            <summary>
            Replaces the resource in the package with the current value.
            </summary>
        </member>
        <member name="P:s3pi.Filetable.SpecificResource.DefaultWrapper">
            <summary>
            When true, this <see cref="T:s3pi.Filetable.SpecificResource"/> was created specifying that the default wrapper should always be used.
            </summary>
        </member>
        <member name="P:s3pi.Filetable.SpecificResource.Exception">
            <summary>
            Contains any exception thrown as a result of attempting to retrieve the <see cref="P:s3pi.Filetable.SpecificResource.Resource"/>.
            </summary>
        </member>
        <member name="P:s3pi.Filetable.SpecificResource.Resource">
            <summary>
            Returns the <see cref="T:s3pi.Interfaces.IResource"/> represented by this <see cref="T:s3pi.Filetable.SpecificResource"/>, or null if the resource could
            not be retrieved due to an exception.
            </summary>
            <seealso cref="P:s3pi.Filetable.SpecificResource.Exception"/>
        </member>
    </members>
</doc>
