<?xml version="1.0"?>
<doc>
    <assembly>
        <name>s3pi.WrapperDealer</name>
    </assembly>
    <members>
        <member name="T:s3pi.WrapperDealer.WrapperDealer">
            <summary>
            Responsible for associating ResourceType in the IResourceIndexEntry with a particular class (a "wrapper") that understands it
            or the default wrapper.
            </summary>
        </member>
        <member name="M:s3pi.WrapperDealer.WrapperDealer.CreateNewResource(System.Int32,System.String)">
            <summary>
            Create a new Resource of the requested type, allowing the wrapper to initialise it appropriately
            </summary>
            <param name="APIversion">API version of request</param>
            <param name="resourceType">Type of resource (currently a string like "0xDEADBEEF")</param>
            <returns></returns>
        </member>
        <member name="M:s3pi.WrapperDealer.WrapperDealer.GetResource(System.Int32,s3pi.Interfaces.IPackage,s3pi.Interfaces.IResourceIndexEntry)">
            <summary>
            Retrieve a resource from a package, readying the appropriate wrapper
            </summary>
            <param name="APIversion">API version of request</param>
            <param name="pkg">Package containing <paramref name="rie"/></param>
            <param name="rie">Identifies resource to be returned</param>
            <returns>A resource from the package</returns>
        </member>
        <member name="M:s3pi.WrapperDealer.WrapperDealer.GetResource(System.Int32,s3pi.Interfaces.IPackage,s3pi.Interfaces.IResourceIndexEntry,System.Boolean)">
            <summary>
            Retrieve a resource from a package, readying the appropriate wrapper or the default wrapper
            </summary>
            <param name="APIversion">API version of request</param>
            <param name="pkg">Package containing <paramref name="rie"/></param>
            <param name="rie">Identifies resource to be returned</param>
            <param name="AlwaysDefault">When true, indicates WrapperDealer should always use the DefaultResource wrapper</param>
            <returns>A resource from the package</returns>
        </member>
        <member name="P:s3pi.WrapperDealer.WrapperDealer.TypeMap">
            <summary>
            Retrieve the resource wrappers known to WrapperDealer.
            </summary>
        </member>
        <member name="P:s3pi.WrapperDealer.WrapperDealer.Disabled">
            <summary>
            Access the collection of wrappers on the &quot;disabled&quot; list.
            </summary>
            <remarks>Updates to entries in the collection will be used next time a wrapper is requested.
            Existing instances of a disabled wrapper will not be invalidated and it will remain possible to
            bypass WrapperDealer and instantiate instances of the wrapper class directly.</remarks>
        </member>
    </members>
</doc>
