<?xml version="1.0"?>
<doc>
    <assembly>
        <name>s3pi.Controls</name>
    </assembly>
    <members>
        <member name="F:System.Windows.Forms.ResourceTypeCombo.components">
            <summary> 
            Required designer variable.
            </summary>
        </member>
        <member name="M:System.Windows.Forms.ResourceTypeCombo.Dispose(System.Boolean)">
            <summary> 
            Clean up any resources being used.
            </summary>
            <param name="disposing">true if managed resources should be disposed; otherwise, false.</param>
        </member>
        <member name="M:System.Windows.Forms.ResourceTypeCombo.InitializeComponent">
            <summary> 
            Required method for Designer support - do not modify 
            the contents of this method with the code editor.
            </summary>
        </member>
        <member name="F:System.Windows.Forms.TGIBlockCombo.components">
            <summary> 
            Required designer variable.
            </summary>
        </member>
        <member name="M:System.Windows.Forms.TGIBlockCombo.Dispose(System.Boolean)">
            <summary> 
            Clean up any resources being used.
            </summary>
            <param name="disposing">true if managed resources should be disposed; otherwise, false.</param>
        </member>
        <member name="M:System.Windows.Forms.TGIBlockCombo.InitializeComponent">
            <summary> 
            Required method for Designer support - do not modify 
            the contents of this method with the code editor.
            </summary>
        </member>
        <member name="T:System.Windows.Forms.TGIBlockListEditorForm.MainForm">
            <summary>
            A form for editing an AResource.DependentList&lt;AResource.TGIBlock&gt; object.
            </summary>
        </member>
        <member name="M:System.Windows.Forms.TGIBlockListEditorForm.MainForm.#ctor">
            <summary>
            A form for editing an AResource.DependentList&lt;AResource.TGIBlock&gt; object.
            The DialogResult will be set on return from ShowDialog indicating whether the user
            chose to Save (OK) or Abandon (Cancel).
            </summary>
        </member>
        <member name="F:System.Windows.Forms.TGIBlockListEditorForm.MainForm.components">
            <summary>
            Required designer variable.
            </summary>
        </member>
        <member name="M:System.Windows.Forms.TGIBlockListEditorForm.MainForm.Dispose(System.Boolean)">
            <summary>
            Clean up any resources being used.
            </summary>
            <param name="disposing">true if managed resources should be disposed; otherwise, false.</param>
        </member>
        <member name="M:System.Windows.Forms.TGIBlockListEditorForm.MainForm.InitializeComponent">
            <summary>
            Required method for Designer support - do not modify
            the contents of this method with the code editor.
            </summary>
        </member>
        <member name="P:System.Windows.Forms.TGIBlockListEditorForm.MainForm.Items">
            <summary>
            The list of TGIBlocks to edit
            </summary>
        </member>
        <member name="T:System.Windows.Forms.TGIBlockListEditor">
            <summary>
            A modal form for editing an AResource.DependentList&lt;AResource.TGIBlock&gt; object.
            </summary>
        </member>
        <member name="M:System.Windows.Forms.TGIBlockListEditor.Show(s3pi.Interfaces.DependentList{s3pi.Interfaces.TGIBlock})">
            <summary>
            Displays a modal form allowing a list of TGIBlocks to be edited (created, updated, deleted).
            </summary>
            <param name="ltgi">an AResource.DependentList&lt;AResource.TGIBlock&gt; object.</param>
            <returns>the DialogResult</returns>
        </member>
        <member name="M:System.Windows.Forms.TGIBlockListEditor.Show(System.Windows.Forms.IWin32Window,s3pi.Interfaces.DependentList{s3pi.Interfaces.TGIBlock})">
            <summary>
            Displays a modal form allowing a list of TGIBlocks to be edited (created, updated, deleted).
            </summary>
            <param name="owner">Any object that implements System.Windows.Forms.IWin32Window
            and represents the top-level window that will own this form.</param>
            <param name="ltgi">an AResource.DependentList&lt;AResource.TGIBlock&gt; object.</param>
            <returns>the DialogResult</returns>
        </member>
    </members>
</doc>
